{"dim": [32, 64, 64], "time": 0.033894}
{"dim": [32, 64, 128], "time": 0.063910}
{"dim": [32, 128, 64], "time": 0.035942}
{"dim": [32, 128, 128], "time": 0.040464}
{"dim": [64, 128, 64], "time": 0.044749}
{"dim": [64, 128, 128], "time": 0.046387}
{"dim": [32, 64, 64], "time": 0.033792}
{"dim": [32, 64, 128], "time": 0.000000}
{"dim": [32, 128, 64], "time": 0.033280}
{"dim": [32, 128, 128], "time": 0.036970}
{"dim": [64, 128, 64], "time": 0.040550}
{"dim": [64, 128, 128], "time": 0.041984}
{"dim": [32, 64, 64], "time": 0.033792}
{"dim": [32, 64, 128], "time": 0.000000}
{"dim": [32, 128, 64], "time": 0.036045}
{"dim": [32, 128, 128], "time": 0.040346}
{"dim": [64, 128, 64], "time": 0.044646}
{"dim": [64, 128, 128], "time": 0.046182}
{"dim": [32, 64, 64], "time": 0.033709}
{"dim": [32, 64, 128], "time": 0.063181}
{"dim": [32, 128, 64], "time": 0.035840}
{"dim": [32, 128, 128], "time": 0.040448}
{"dim": [64, 128, 64], "time": 0.043930}
{"dim": [64, 128, 128], "time": 0.045363}
{"dim": [32, 64, 64], "time": 0.033786}
{"dim": [32, 64, 128], "time": 0.064000}
{"dim": [32, 128, 64], "time": 0.036045}
{"dim": [32, 128, 128], "time": 0.040448}
{"dim": [64, 128, 64], "time": 0.044134}
{"dim": [64, 128, 128], "time": 0.045683}
{"dim": [32, 64, 64], "time": 0.033894}
{"dim": [32, 64, 128], "time": 0.000000}
{"dim": [32, 128, 64], "time": 0.033178}
{"dim": [32, 128, 128], "time": 0.037466}
{"dim": [64, 128, 64], "time": 0.040858}
{"dim": [64, 128, 128], "time": 0.042291}
{"dim": [32, 64, 64], "time": 0.033872}
{"dim": [32, 64, 128], "time": 0.000000}
{"dim": [32, 128, 64], "time": 0.036550}
{"dim": [32, 128, 128], "time": 0.040448}
{"dim": [64, 128, 64], "time": 0.044646}
{"dim": [64, 128, 128], "time": 0.046387}
{"dim": [32, 64, 64], "time": 0.033786}
{"dim": [32, 64, 128], "time": 0.000000}
{"dim": [32, 128, 64], "time": 0.032973}
{"dim": [32, 128, 128], "time": 0.036966}
{"dim": [64, 128, 64], "time": 0.040448}
{"dim": [64, 128, 128], "time": 0.041882}
