{"dim": [32, 64, 64], "time": 0.037478}
{"dim": [32, 64, 128], "time": 0.075264}
{"dim": [32, 128, 64], "time": 0.043418}
{"dim": [32, 128, 128], "time": 0.050381}
{"dim": [64, 128, 64], "time": 0.052122}
{"dim": [64, 128, 128], "time": 0.055501}
{"dim": [32, 64, 64], "time": 0.037184}
{"dim": [32, 64, 128], "time": 0.073728}
{"dim": [32, 128, 64], "time": 0.043622}
{"dim": [32, 128, 128], "time": 0.050688}
{"dim": [64, 128, 64], "time": 0.051827}
{"dim": [64, 128, 128], "time": 0.055808}
{"dim": [32, 64, 64], "time": 0.037990}
{"dim": [32, 64, 128], "time": 0.074752}
{"dim": [32, 128, 64], "time": 0.042899}
{"dim": [32, 128, 128], "time": 0.050995}
{"dim": [64, 128, 64], "time": 0.051917}
{"dim": [64, 128, 128], "time": 0.055802}
{"dim": [32, 64, 64], "time": 0.038093}
{"dim": [32, 64, 128], "time": 0.000000}
{"dim": [32, 128, 64], "time": 0.039834}
{"dim": [32, 128, 128], "time": 0.047104}
{"dim": [64, 128, 64], "time": 0.047821}
{"dim": [64, 128, 128], "time": 0.051200}
{"dim": [32, 64, 64], "time": 0.037683}
{"dim": [32, 64, 128], "time": 0.073830}
{"dim": [32, 128, 64], "time": 0.043110}
{"dim": [32, 128, 128], "time": 0.050790}
{"dim": [64, 128, 64], "time": 0.051917}
{"dim": [64, 128, 128], "time": 0.055706}
{"dim": [32, 64, 64], "time": 0.037581}
{"dim": [32, 64, 128], "time": 0.073114}
{"dim": [32, 128, 64], "time": 0.042803}
{"dim": [32, 128, 128], "time": 0.050483}
{"dim": [64, 128, 64], "time": 0.052019}
{"dim": [64, 128, 128], "time": 0.055501}
