{"dim": [32, 64, 64], "time": 0.022528}
{"dim": [32, 64, 128], "time": 0.028058}
{"dim": [32, 128, 64], "time": 0.018842}
{"dim": [32, 128, 128], "time": 0.020378}
{"dim": [64, 128, 64], "time": 0.020992}
{"dim": [64, 128, 128], "time": 0.021094}
{"dim": [32, 64, 64], "time": 0.022528}
{"dim": [32, 64, 128], "time": 0.028067}
{"dim": [32, 128, 64], "time": 0.018842}
{"dim": [32, 128, 128], "time": 0.020173}
{"dim": [64, 128, 64], "time": 0.020880}
{"dim": [64, 128, 128], "time": 0.020998}
{"dim": [32, 64, 64], "time": 0.022426}
{"dim": [32, 64, 128], "time": 0.028058}
{"dim": [32, 128, 64], "time": 0.018842}
{"dim": [32, 128, 128], "time": 0.020173}
{"dim": [64, 128, 64], "time": 0.020890}
{"dim": [64, 128, 128], "time": 0.021094}
