{"dim": [32, 64, 64], "time": 0.089917}
{"dim": [32, 64, 128], "time": 0.000000}
{"dim": [32, 128, 64], "time": 0.124211}
{"dim": [32, 128, 128], "time": 0.144691}
{"dim": [64, 128, 64], "time": 0.145306}
{"dim": [64, 128, 128], "time": 0.155136}
{"dim": [32, 64, 64], "time": 0.091853}
{"dim": [32, 64, 128], "time": 0.000000}
{"dim": [32, 128, 64], "time": 0.124621}
{"dim": [32, 128, 128], "time": 0.145494}
{"dim": [64, 128, 64], "time": 0.145408}
{"dim": [64, 128, 128], "time": 0.155136}
