{"dim": [32, 64, 64], "time": 0.044851}
{"dim": [32, 64, 128], "time": 0.062669}
{"dim": [32, 128, 64], "time": 0.050381}
{"dim": [32, 128, 128], "time": 0.053658}
{"dim": [64, 128, 64], "time": 0.059290}
{"dim": [64, 128, 128], "time": 0.059802}
{"dim": [32, 64, 64], "time": 0.044218}
{"dim": [32, 64, 128], "time": 0.062362}
{"dim": [32, 128, 64], "time": 0.049971}
{"dim": [32, 128, 128], "time": 0.053658}
{"dim": [64, 128, 64], "time": 0.059174}
{"dim": [64, 128, 128], "time": 0.059600}
