{"dim": [32, 64, 64], "time": 0.070138}
{"dim": [32, 64, 128], "time": 0.000000}
{"dim": [32, 128, 64], "time": 0.083046}
{"dim": [32, 128, 128], "time": 0.088883}
{"dim": [64, 128, 64], "time": 0.098304}
{"dim": [64, 128, 128], "time": 0.099123}
{"dim": [32, 64, 64], "time": 0.069427}
{"dim": [32, 64, 128], "time": 0.000000}
{"dim": [32, 128, 64], "time": 0.081078}
{"dim": [32, 128, 128], "time": 0.087347}
{"dim": [64, 128, 64], "time": 0.096563}
{"dim": [64, 128, 128], "time": 0.097382}
