{"dim": [32, 64, 64], "time": 0.159334}
{"dim": [32, 64, 128], "time": 0.000000}
{"dim": [32, 128, 64], "time": 0.238694}
{"dim": [32, 128, 128], "time": 0.279450}
{"dim": [64, 128, 64], "time": 0.274330}
{"dim": [64, 128, 128], "time": 0.291226}
{"dim": [32, 64, 64], "time": 0.158909}
{"dim": [32, 64, 128], "time": 0.000000}
{"dim": [32, 128, 64], "time": 0.231117}
{"dim": [32, 128, 128], "time": 0.270438}
{"dim": [64, 128, 64], "time": 0.265728}
{"dim": [64, 128, 128], "time": 0.281702}
