{"dim": [32, 64, 64], "time": 0.058470}
{"dim": [32, 64, 128], "time": 0.000000}
{"dim": [32, 128, 64], "time": 0.064102}
{"dim": [32, 128, 128], "time": 0.069120}
{"dim": [64, 128, 64], "time": 0.076902}
{"dim": [64, 128, 128], "time": 0.077392}
{"dim": [32, 64, 64], "time": 0.058880}
{"dim": [32, 64, 128], "time": 0.000000}
{"dim": [32, 128, 64], "time": 0.063181}
{"dim": [32, 128, 128], "time": 0.067174}
{"dim": [64, 128, 64], "time": 0.075258}
{"dim": [64, 128, 128], "time": 0.075469}
{"dim": [32, 64, 64], "time": 0.058368}
{"dim": [32, 64, 128], "time": 0.000000}
{"dim": [32, 128, 64], "time": 0.069734}
{"dim": [32, 128, 128], "time": 0.074342}
{"dim": [64, 128, 64], "time": 0.082842}
{"dim": [64, 128, 128], "time": 0.083254}
{"dim": [32, 64, 64], "time": 0.058163}
{"dim": [32, 64, 128], "time": 0.000000}
{"dim": [32, 128, 64], "time": 0.062566}
{"dim": [32, 128, 128], "time": 0.067379}
{"dim": [64, 128, 64], "time": 0.075264}
{"dim": [64, 128, 128], "time": 0.075571}
