{"dim": [32, 64, 64], "time": 0.074650}
{"dim": [32, 64, 128], "time": 0.076800}
{"dim": [32, 128, 64], "time": 0.078336}
{"dim": [32, 128, 128], "time": 0.071354}
{"dim": [64, 128, 64], "time": 0.075981}
{"dim": [64, 128, 128], "time": 0.074752}
{"dim": [32, 64, 64], "time": 0.074730}
{"dim": [32, 64, 128], "time": 0.074342}
{"dim": [32, 128, 64], "time": 0.075776}
{"dim": [32, 128, 128], "time": 0.068813}
{"dim": [64, 128, 64], "time": 0.073114}
{"dim": [64, 128, 128], "time": 0.071987}
{"dim": [32, 64, 64], "time": 0.075162}
{"dim": [32, 64, 128], "time": 0.077210}
{"dim": [32, 128, 64], "time": 0.078541}
{"dim": [32, 128, 128], "time": 0.071373}
{"dim": [64, 128, 64], "time": 0.075981}
{"dim": [64, 128, 128], "time": 0.074957}
