{"dim": [32, 64, 64], "time": 0.067686}
{"dim": [32, 64, 128], "time": 0.069325}
{"dim": [32, 128, 64], "time": 0.050483}
{"dim": [32, 128, 128], "time": 0.047306}
{"dim": [64, 128, 64], "time": 0.074650}
{"dim": [64, 128, 128], "time": 0.073830}
{"dim": [32, 64, 64], "time": 0.020992}
{"dim": [32, 64, 128], "time": 0.022736}
{"dim": [32, 128, 64], "time": 0.013824}
{"dim": [32, 128, 128], "time": 0.014131}
{"dim": [64, 128, 64], "time": 0.019558}
{"dim": [64, 128, 128], "time": 0.019763}
{"dim": [32, 64, 64], "time": 0.020992}
{"dim": [32, 64, 128], "time": 0.022835}
{"dim": [32, 128, 64], "time": 0.014029}
{"dim": [32, 128, 128], "time": 0.014438}
{"dim": [64, 128, 64], "time": 0.019859}
{"dim": [64, 128, 128], "time": 0.019968}
{"dim": [32, 64, 64], "time": 0.020992}
{"dim": [32, 64, 128], "time": 0.022733}
{"dim": [32, 128, 64], "time": 0.014029}
{"dim": [32, 128, 128], "time": 0.013824}
{"dim": [64, 128, 64], "time": 0.019149}
{"dim": [64, 128, 128], "time": 0.019251}
{"dim": [32, 64, 64], "time": 0.020890}
{"dim": [32, 64, 128], "time": 0.022733}
{"dim": [32, 128, 64], "time": 0.013933}
{"dim": [32, 128, 128], "time": 0.014438}
{"dim": [64, 128, 64], "time": 0.019763}
{"dim": [64, 128, 128], "time": 0.019968}
{"dim": [32, 64, 64], "time": 0.021197}
{"dim": [32, 64, 128], "time": 0.022835}
{"dim": [32, 128, 64], "time": 0.014035}
{"dim": [32, 128, 128], "time": 0.014438}
{"dim": [64, 128, 64], "time": 0.019866}
{"dim": [64, 128, 128], "time": 0.019968}
{"dim": [32, 64, 64], "time": 0.020992}
{"dim": [32, 64, 128], "time": 0.022835}
{"dim": [32, 128, 64], "time": 0.014029}
{"dim": [32, 128, 128], "time": 0.014438}
{"dim": [64, 128, 64], "time": 0.019866}
{"dim": [64, 128, 128], "time": 0.020070}
{"dim": [32, 64, 64], "time": 0.067584}
{"dim": [32, 64, 128], "time": 0.069018}
{"dim": [32, 128, 64], "time": 0.050381}
{"dim": [32, 128, 128], "time": 0.047309}
{"dim": [64, 128, 64], "time": 0.074752}
{"dim": [64, 128, 128], "time": 0.073830}
{"dim": [32, 64, 64], "time": 0.020992}
{"dim": [32, 64, 128], "time": 0.022733}
{"dim": [32, 128, 64], "time": 0.014029}
{"dim": [32, 128, 128], "time": 0.014336}
{"dim": [64, 128, 64], "time": 0.019763}
{"dim": [64, 128, 128], "time": 0.019968}
{"dim": [32, 64, 64], "time": 0.067686}
{"dim": [32, 64, 128], "time": 0.069325}
{"dim": [32, 128, 64], "time": 0.050483}
{"dim": [32, 128, 128], "time": 0.047309}
{"dim": [64, 128, 64], "time": 0.074752}
{"dim": [64, 128, 128], "time": 0.073830}
{"dim": [32, 64, 64], "time": 0.020992}
{"dim": [32, 64, 128], "time": 0.022835}
{"dim": [32, 128, 64], "time": 0.014029}
{"dim": [32, 128, 128], "time": 0.014438}
{"dim": [64, 128, 64], "time": 0.019866}
{"dim": [64, 128, 128], "time": 0.020070}
{"dim": [32, 64, 64], "time": 0.067789}
{"dim": [32, 64, 128], "time": 0.069334}
{"dim": [32, 128, 64], "time": 0.050483}
{"dim": [32, 128, 128], "time": 0.047309}
{"dim": [64, 128, 64], "time": 0.074752}
{"dim": [64, 128, 128], "time": 0.073834}
{"dim": [32, 64, 64], "time": 0.020998}
{"dim": [32, 64, 128], "time": 0.022746}
{"dim": [32, 128, 64], "time": 0.014029}
{"dim": [32, 128, 128], "time": 0.014336}
{"dim": [64, 128, 64], "time": 0.019763}
{"dim": [64, 128, 128], "time": 0.019968}
{"dim": [32, 64, 64], "time": 0.067686}
{"dim": [32, 64, 128], "time": 0.069328}
{"dim": [32, 128, 64], "time": 0.050483}
{"dim": [32, 128, 128], "time": 0.047309}
{"dim": [64, 128, 64], "time": 0.074634}
{"dim": [64, 128, 128], "time": 0.072499}
{"dim": [32, 64, 64], "time": 0.020992}
{"dim": [32, 64, 128], "time": 0.022835}
{"dim": [32, 128, 64], "time": 0.013414}
{"dim": [32, 128, 128], "time": 0.013824}
{"dim": [64, 128, 64], "time": 0.019075}
{"dim": [64, 128, 128], "time": 0.019251}
{"dim": [32, 64, 64], "time": 0.067789}
{"dim": [32, 64, 128], "time": 0.069325}
{"dim": [32, 128, 64], "time": 0.050483}
{"dim": [32, 128, 128], "time": 0.047309}
{"dim": [64, 128, 64], "time": 0.074650}
{"dim": [64, 128, 128], "time": 0.073846}
{"dim": [32, 64, 64], "time": 0.020890}
{"dim": [32, 64, 128], "time": 0.022733}
{"dim": [32, 128, 64], "time": 0.013926}
{"dim": [32, 128, 128], "time": 0.014336}
{"dim": [64, 128, 64], "time": 0.019763}
{"dim": [64, 128, 128], "time": 0.019866}
{"dim": [32, 64, 64], "time": 0.067584}
{"dim": [32, 64, 128], "time": 0.069325}
{"dim": [32, 128, 64], "time": 0.050464}
{"dim": [32, 128, 128], "time": 0.047309}
{"dim": [64, 128, 64], "time": 0.074240}
{"dim": [64, 128, 128], "time": 0.073830}
{"dim": [32, 64, 64], "time": 0.020992}
{"dim": [32, 64, 128], "time": 0.022733}
{"dim": [32, 128, 64], "time": 0.013926}
{"dim": [32, 128, 128], "time": 0.014336}
{"dim": [64, 128, 64], "time": 0.019763}
{"dim": [64, 128, 128], "time": 0.019981}
{"dim": [32, 64, 64], "time": 0.067789}
{"dim": [32, 64, 128], "time": 0.069427}
{"dim": [32, 128, 64], "time": 0.050381}
{"dim": [32, 128, 128], "time": 0.047206}
{"dim": [64, 128, 64], "time": 0.073626}
{"dim": [64, 128, 128], "time": 0.070861}
{"dim": [32, 64, 64], "time": 0.020890}
{"dim": [32, 64, 128], "time": 0.022630}
{"dim": [32, 128, 64], "time": 0.013926}
{"dim": [32, 128, 128], "time": 0.014336}
{"dim": [64, 128, 64], "time": 0.019661}
{"dim": [64, 128, 128], "time": 0.019866}
{"dim": [32, 64, 64], "time": 0.067770}
{"dim": [32, 64, 128], "time": 0.069530}
{"dim": [32, 128, 64], "time": 0.050483}
{"dim": [32, 128, 128], "time": 0.047299}
{"dim": [64, 128, 64], "time": 0.074650}
{"dim": [64, 128, 128], "time": 0.073853}
{"dim": [32, 64, 64], "time": 0.020992}
{"dim": [32, 64, 128], "time": 0.022733}
{"dim": [32, 128, 64], "time": 0.013926}
{"dim": [32, 128, 128], "time": 0.014336}
{"dim": [64, 128, 64], "time": 0.019866}
{"dim": [64, 128, 128], "time": 0.019968}
{"dim": [32, 64, 64], "time": 0.067584}
{"dim": [32, 64, 128], "time": 0.069427}
{"dim": [32, 128, 64], "time": 0.050496}
{"dim": [32, 128, 128], "time": 0.047309}
{"dim": [64, 128, 64], "time": 0.071680}
{"dim": [64, 128, 128], "time": 0.070963}
{"dim": [32, 64, 64], "time": 0.020986}
{"dim": [32, 64, 128], "time": 0.022733}
{"dim": [32, 128, 64], "time": 0.013917}
{"dim": [32, 128, 128], "time": 0.013722}
{"dim": [64, 128, 64], "time": 0.018874}
{"dim": [64, 128, 128], "time": 0.019046}
{"dim": [32, 64, 64], "time": 0.067686}
{"dim": [32, 64, 128], "time": 0.069427}
{"dim": [32, 128, 64], "time": 0.050586}
{"dim": [32, 128, 128], "time": 0.047309}
{"dim": [64, 128, 64], "time": 0.071782}
{"dim": [64, 128, 128], "time": 0.070861}
{"dim": [32, 64, 64], "time": 0.020992}
{"dim": [32, 64, 128], "time": 0.022400}
{"dim": [32, 128, 64], "time": 0.013722}
{"dim": [32, 128, 128], "time": 0.014138}
{"dim": [64, 128, 64], "time": 0.019456}
{"dim": [64, 128, 128], "time": 0.019558}
