{"dim": [32, 64, 64], "time": 0.037376}
{"dim": [32, 64, 128], "time": 0.052019}
{"dim": [32, 128, 64], "time": 0.040243}
{"dim": [32, 128, 128], "time": 0.043315}
{"dim": [64, 128, 64], "time": 0.048435}
{"dim": [64, 128, 128], "time": 0.048640}
{"dim": [32, 64, 64], "time": 0.169677}
{"dim": [32, 64, 128], "time": 0.181043}
{"dim": [32, 128, 64], "time": 0.210637}
{"dim": [32, 128, 128], "time": 0.192307}
{"dim": [64, 128, 64], "time": 0.181350}
{"dim": [64, 128, 128], "time": 0.178790}
