{"dim": [32, 64, 64], "time": 0.341709}
{"dim": [32, 64, 128], "time": 0.401315}
{"dim": [32, 128, 64], "time": 0.503910}
{"dim": [32, 128, 128], "time": 0.460800}
{"dim": [64, 128, 64], "time": 0.398746}
{"dim": [64, 128, 128], "time": 0.392499}
{"dim": [32, 64, 64], "time": 0.344794}
{"dim": [32, 64, 128], "time": 0.399344}
{"dim": [32, 128, 64], "time": 0.504013}
{"dim": [32, 128, 128], "time": 0.460906}
{"dim": [64, 128, 64], "time": 0.398848}
{"dim": [64, 128, 128], "time": 0.392499}
