{"dim": [32, 64, 64], "time": 0.270541}
{"dim": [32, 64, 128], "time": 0.313344}
{"dim": [32, 128, 64], "time": 0.385741}
{"dim": [32, 128, 128], "time": 0.350925}
{"dim": [64, 128, 64], "time": 0.311398}
{"dim": [64, 128, 128], "time": 0.307098}
{"dim": [32, 64, 64], "time": 0.271053}
{"dim": [32, 64, 128], "time": 0.310579}
{"dim": [32, 128, 64], "time": 0.386048}
{"dim": [32, 128, 128], "time": 0.353485}
{"dim": [64, 128, 64], "time": 0.311501}
{"dim": [64, 128, 128], "time": 0.307091}
